<application>
  <component name="ProjectJdkTable">
    <jdk version="2">
      <name value="Python 3.8 (Proj1)" />
      <type value="Python SDK" />
      <version value="Python 3.8.1" />
      <homePath value="E:\python_programs\Proj1\venv\Scripts\python.exe" />
      <roots>
        <classPath>
          <root type="composite">
            <root url="file://E:/python38/DLLs" type="simple" />
            <root url="file://E:/python38/Lib" type="simple" />
            <root url="file://E:/python38" type="simple" />
            <root url="file://E:/python_programs/Proj1/venv" type="simple" />
            <root url="file://E:/python_programs/Proj1/venv/Lib/site-packages" type="simple" />
            <root url="jar://E:/python_programs/Proj1/venv/Lib/site-packages/setuptools-40.8.0-py3.8.egg!/" type="simple" />
            <root url="file://E:/python_programs/Proj1/venv/Lib/site-packages/pip-19.0.3-py3.8.egg" type="simple" />
            <root url="file://$USER_HOME$/.PyCharm2019.3/system/python_stubs/731833933" type="simple" />
            <root url="file://$APPLICATION_HOME_DIR$/plugins/python/helpers/python-skeletons" type="simple" />
            <root url="file://$APPLICATION_HOME_DIR$/plugins/python/helpers/typeshed/stdlib/3" type="simple" />
            <root url="file://$APPLICATION_HOME_DIR$/plugins/python/helpers/typeshed/stdlib/2and3" type="simple" />
            <root url="file://$APPLICATION_HOME_DIR$/plugins/python/helpers/typeshed/third_party/3" type="simple" />
            <root url="file://$APPLICATION_HOME_DIR$/plugins/python/helpers/typeshed/third_party/2and3" type="simple" />
          </root>
        </classPath>
        <sourcePath>
          <root type="composite" />
        </sourcePath>
      </roots>
      <additional ASSOCIATED_PROJECT_PATH="E:/python_programs/Proj1" />
    </jdk>
    <jdk version="2">
      <name value="Python 3.8 (Tata_Project)" />
      <type value="Python SDK" />
      <version value="Python 3.8.1" />
      <homePath value="E:\Python_Programs_Tata\Tata_Project\venv\Scripts\python.exe" />
      <roots>
        <classPath>
          <root type="composite">
            <root url="file://E:/python38/DLLs" type="simple" />
            <root url="file://E:/python38/Lib" type="simple" />
            <root url="file://E:/python38" type="simple" />
            <root url="file://E:/Python_Programs_Tata/Tata_Project/venv" type="simple" />
            <root url="file://E:/Python_Programs_Tata/Tata_Project/venv/Lib/site-packages" type="simple" />
            <root url="jar://E:/Python_Programs_Tata/Tata_Project/venv/Lib/site-packages/setuptools-40.8.0-py3.8.egg!/" type="simple" />
            <root url="file://E:/Python_Programs_Tata/Tata_Project/venv/Lib/site-packages/pip-19.0.3-py3.8.egg" type="simple" />
            <root url="file://$USER_HOME$/.PyCharm2019.3/system/python_stubs/-1801667854" type="simple" />
            <root url="file://$APPLICATION_HOME_DIR$/plugins/python/helpers/python-skeletons" type="simple" />
            <root url="file://$APPLICATION_HOME_DIR$/plugins/python/helpers/typeshed/stdlib/3" type="simple" />
            <root url="file://$APPLICATION_HOME_DIR$/plugins/python/helpers/typeshed/stdlib/2and3" type="simple" />
            <root url="file://$APPLICATION_HOME_DIR$/plugins/python/helpers/typeshed/third_party/3" type="simple" />
            <root url="file://$APPLICATION_HOME_DIR$/plugins/python/helpers/typeshed/third_party/2and3" type="simple" />
          </root>
        </classPath>
        <sourcePath>
          <root type="composite" />
        </sourcePath>
      </roots>
      <additional ASSOCIATED_PROJECT_PATH="E:/Python_Programs_Tata/Tata_Project" />
    </jdk>
  </component>
</application>